episode,reward,original_reward,steps,crashed,avg_speed,collision_count,tailgating_count,unsafe_lane_change_count,overspeed_count
0,22.02568183792192,22.02568183792192,30,False,20.032102297402385,0,0,0,0
1,22.02568183792192,22.02568183792192,30,False,20.032102297402385,0,0,0,0
2,-128.97431816207805,21.025681837921898,30,False,20.032102297402385,0,30,0,0
3,21.025681837921898,21.025681837921898,30,False,20.032102297402385,0,0,0,0
4,20.02568183792191,20.02568183792191,30,False,20.032102297402385,0,0,0,0
5,-85.37431816207939,9.6256818379206,14,True,19.483776351577347,1,9,0,0
6,-127.97431816207809,22.02568183792192,30,False,20.032102297402385,0,30,0,0
7,20.02568183792191,20.02568183792191,30,False,20.032102297402385,0,0,0,0
8,20.02568183792191,20.02568183792191,30,False,20.032102297402385,0,0,0,0
9,22.02568183792192,22.02568183792192,30,False,20.032102297402385,0,0,0,0
10,20.02568183792191,20.02568183792191,30,False,20.032102297402385,0,0,0,0
11,22.02568183792192,22.02568183792192,30,False,20.032102297402385,0,0,0,0
12,20.02568183792191,20.02568183792191,30,False,20.032102297402385,0,0,0,0
13,20.02568183792191,20.02568183792191,30,False,20.032102297402385,0,0,0,0
14,16.025681837921898,21.025681837921898,30,False,20.032102297402385,0,1,0,0
15,21.025681837921898,21.025681837921898,30,False,20.032102297402385,0,0,0,0
16,22.02568183792192,22.02568183792192,30,False,20.032102297402385,0,0,0,0
17,21.025681837921898,21.025681837921898,30,False,20.032102297402385,0,0,0,0
18,-14.974318162078081,20.02568183792191,30,False,20.032102297402385,0,7,0,0
19,21.025681837921898,21.025681837921898,30,False,20.032102297402385,0,0,0,0
20,21.025681837921898,21.025681837921898,30,False,20.032102297402385,0,0,0,0
21,17.025681837921915,22.02568183792192,30,False,20.032102297402385,0,1,0,0
22,-117.97431816207809,22.02568183792192,30,False,20.032102297402385,0,28,0,0
23,21.025681837921898,21.025681837921898,30,False,20.032102297402385,0,0,0,0
24,20.02568183792191,20.02568183792191,30,False,20.032102297402385,0,0,0,0
25,21.025681837921898,21.025681837921898,30,False,20.032102297402385,0,0,0,0
26,20.02568183792191,20.02568183792191,30,False,20.032102297402385,0,0,0,0
27,0.025681837921908146,20.02568183792191,30,False,20.032102297402385,0,4,0,0
28,22.02568183792192,22.02568183792192,30,False,20.032102297402385,0,0,0,0
29,16.025681837921898,21.025681837921898,30,False,20.032102297402385,0,1,0,0
30,-105.97431816207808,14.025681837921908,20,True,19.478620656103573,1,14,0,0
31,22.02568183792192,22.02568183792192,30,False,20.032102297402385,0,0,0,0
32,-129.97431816207802,20.02568183792191,30,False,20.032102297402385,0,30,0,0
33,20.02568183792191,20.02568183792191,30,False,20.032102297402385,0,0,0,0
34,-9.974318162078095,20.02568183792191,30,False,20.032102297402385,0,6,0,0
35,22.02568183792192,22.02568183792192,30,False,20.032102297402385,0,0,0,0
36,5.025681837921909,20.02568183792191,30,False,20.032102297402385,0,3,0,0
37,-149.54098482874474,15.459015171255237,23,True,19.50919472617702,1,23,0,0
38,16.025681837921898,21.025681837921898,30,False,20.032102297402385,0,1,0,0
39,22.02568183792192,22.02568183792192,30,False,20.032102297402385,0,0,0,0
40,20.02568183792191,20.02568183792191,30,False,20.032102297402385,0,0,0,0
41,22.02568183792192,22.02568183792192,30,False,20.032102297402385,0,0,0,0
42,6.025681837921907,21.025681837921898,30,False,20.032102297402385,0,3,0,0
43,21.025681837921898,21.025681837921898,30,False,20.032102297402385,0,0,0,0
44,16.025681837921898,21.025681837921898,30,False,20.032102297402385,0,1,0,0
45,-27.974318162078085,22.02568183792192,30,False,20.032102297402385,0,10,0,0
46,22.02568183792192,22.02568183792192,30,False,20.032102297402385,0,0,0,0
47,20.02568183792191,20.02568183792191,30,False,20.032102297402385,0,0,0,0
48,20.02568183792191,20.02568183792191,30,False,20.032102297402385,0,0,0,0
49,-119.97431816207812,10.025681837921871,16,True,19.4080629326295,1,16,0,0
50,21.025681837921898,21.025681837921898,30,False,20.032102297402385,0,0,0,0
51,20.02568183792191,20.02568183792191,30,False,20.032102297402385,0,0,0,0
52,-4.974318162078094,20.02568183792191,30,False,20.032102297402385,0,5,0,0
53,-129.97431816207802,20.02568183792191,30,False,20.032102297402385,0,30,0,0
54,22.02568183792192,22.02568183792192,30,False,20.032102297402385,0,0,0,0
55,-59.974318162078106,20.02568183792191,30,False,20.032102297402385,0,16,0,0
56,-54.9743181620781,20.02568183792191,30,False,20.032102297402385,0,15,0,0
57,22.02568183792192,22.02568183792192,30,False,20.032102297402385,0,0,0,0
58,5.025681837921909,20.02568183792191,30,False,20.032102297402385,0,3,0,0
59,-127.97431816207809,22.02568183792192,30,False,20.032102297402385,0,30,0,0
60,22.02568183792192,22.02568183792192,30,False,20.032102297402385,0,0,0,0
61,21.025681837921898,21.025681837921898,30,False,20.032102297402385,0,0,0,0
62,-38.97431816207805,21.025681837921898,30,False,20.032102297402385,0,12,0,0
63,-90.37431816207831,9.625681837921697,14,True,20.068790637290256,1,10,0,0
64,21.025681837921898,21.025681837921898,30,False,20.032102297402385,0,0,0,0
65,21.025681837921898,21.025681837921898,30,False,20.032102297402385,0,0,0,0
66,2.0256818379219035,22.02568183792192,30,False,20.032102297402385,0,4,0,0
67,-23.9743181620781,21.025681837921898,30,False,20.032102297402385,0,9,0,0
68,20.02568183792191,20.02568183792191,30,False,20.032102297402385,0,0,0,0
69,20.02568183792191,20.02568183792191,30,False,20.032102297402385,0,0,0,0
70,22.02568183792192,22.02568183792192,30,False,20.032102297402385,0,0,0,0
71,21.025681837921898,21.025681837921898,30,False,20.032102297402385,0,0,0,0
72,21.025681837921898,21.025681837921898,30,False,20.032102297402385,0,0,0,0
73,22.02568183792192,22.02568183792192,30,False,20.032102297402385,0,0,0,0
74,15.025681837921901,20.02568183792191,30,False,20.032102297402385,0,1,0,0
75,21.025681837921898,21.025681837921898,30,False,20.032102297402385,0,0,0,0
76,20.02568183792191,20.02568183792191,30,False,20.032102297402385,0,0,0,0
77,20.02568183792191,20.02568183792191,30,False,20.032102297402385,0,0,0,0
78,21.025681837921898,21.025681837921898,30,False,20.032102297402385,0,0,0,0
79,-14.974318162078081,20.02568183792191,30,False,20.032102297402385,0,7,0,0
80,22.02568183792192,22.02568183792192,30,False,20.032102297402385,0,0,0,0
81,20.02568183792191,20.02568183792191,30,False,20.032102297402385,0,0,0,0
82,-83.97431816207806,21.025681837921898,30,False,20.032102297402385,0,21,0,0
83,20.02568183792191,20.02568183792191,30,False,20.032102297402385,0,0,0,0
84,11.025681837921905,21.025681837921898,30,False,20.032102297402385,0,2,0,0
85,17.025681837921915,22.02568183792192,30,False,20.032102297402385,0,1,0,0
86,21.025681837921898,21.025681837921898,30,False,20.032102297402385,0,0,0,0
87,21.025681837921898,21.025681837921898,30,False,20.032102297402385,0,0,0,0
88,22.02568183792192,22.02568183792192,30,False,20.032102297402385,0,0,0,0
89,20.02568183792191,20.02568183792191,30,False,20.032102297402385,0,0,0,0
90,17.025681837921915,22.02568183792192,30,False,20.032102297402385,0,1,0,0
91,22.02568183792192,22.02568183792192,30,False,20.032102297402385,0,0,0,0
92,-94.97431816207802,20.02568183792191,30,False,20.032102297402385,0,23,0,0
93,17.025681837921915,22.02568183792192,30,False,20.032102297402385,0,1,0,0
94,22.02568183792192,22.02568183792192,30,False,20.032102297402385,0,0,0,0
95,21.025681837921898,21.025681837921898,30,False,20.032102297402385,0,0,0,0
96,22.02568183792192,22.02568183792192,30,False,20.032102297402385,0,0,0,0
97,22.02568183792192,22.02568183792192,30,False,20.032102297402385,0,0,0,0
98,21.025681837921898,21.025681837921898,30,False,20.032102297402385,0,0,0,0
99,22.02568183792192,22.02568183792192,30,False,20.032102297402385,0,0,0,0
