model,lambda,episode,steps,lane_changes,collision,tailgating_rate,unsafe_lane_change_rate,progress_reward,collision_penalty,tailgating_penalty,lane_change_penalty,speed_penalty,net_reward
Baseline PPO,0.0,0,30,0,0,0.0,0.0,20.02568183792191,0.0,0.0,0.0,0.0,20.02568183792191
Baseline PPO,0.0,1,30,0,0,0.0,0.0,22.02568183792192,0.0,0.0,0.0,0.0,22.02568183792192
Baseline PPO,0.0,2,30,0,0,0.0,0.0,21.025681837921898,0.0,0.0,0.0,0.0,21.025681837921898
Baseline PPO,0.0,3,30,0,0,0.2,0.0,20.02568183792191,0.0,0.0,0.0,0.0,20.02568183792191
Baseline PPO,0.0,4,30,0,0,0.0,0.0,22.02568183792192,0.0,0.0,0.0,0.0,22.02568183792192
Baseline PPO,0.0,5,30,0,0,0.0,0.0,21.025681837921898,0.0,0.0,0.0,0.0,21.025681837921898
Baseline PPO,0.0,6,30,0,0,0.0333333333333333,0.0,21.025681837921898,0.0,0.0,0.0,0.0,21.025681837921898
Baseline PPO,0.0,7,30,0,0,0.0333333333333333,0.0,20.02568183792191,0.0,0.0,0.0,0.0,20.02568183792191
Baseline PPO,0.0,8,30,0,0,0.0,0.0,21.025681837921898,0.0,0.0,0.0,0.0,21.025681837921898
Baseline PPO,0.0,9,30,0,0,0.0,0.0,22.02568183792192,0.0,0.0,0.0,0.0,22.02568183792192
Baseline PPO,0.0,10,30,0,0,0.0,0.0,22.02568183792192,0.0,0.0,0.0,0.0,22.02568183792192
Baseline PPO,0.0,11,30,0,0,0.9333333333333332,0.0,20.02568183792191,0.0,0.0,0.0,0.0,20.02568183792191
Baseline PPO,0.0,12,30,0,0,0.0,0.0,22.02568183792192,0.0,0.0,0.0,0.0,22.02568183792192
Baseline PPO,0.0,13,30,0,0,0.0,0.0,20.02568183792191,0.0,0.0,0.0,0.0,20.02568183792191
Baseline PPO,0.0,14,30,0,0,0.1,0.0,21.025681837921898,0.0,0.0,0.0,0.0,21.025681837921898
Baseline PPO,0.0,15,30,0,0,0.0333333333333333,0.0,21.025681837921898,0.0,0.0,0.0,0.0,21.025681837921898
Baseline PPO,0.0,16,30,0,0,0.0,0.0,21.025681837921898,0.0,0.0,0.0,0.0,21.025681837921898
Baseline PPO,0.0,17,30,0,0,0.0,0.0,22.02568183792192,0.0,0.0,0.0,0.0,22.02568183792192
Baseline PPO,0.0,18,30,0,0,0.0,0.0,22.02568183792192,0.0,0.0,0.0,0.0,22.02568183792192
Baseline PPO,0.0,19,30,0,0,0.0,0.0,21.025681837921898,0.0,0.0,0.0,0.0,21.025681837921898
Baseline PPO,0.0,20,30,0,0,0.0,0.0,22.02568183792192,0.0,0.0,0.0,0.0,22.02568183792192
Baseline PPO,0.0,21,30,0,0,0.0,0.0,20.02568183792191,0.0,0.0,0.0,0.0,20.02568183792191
Baseline PPO,0.0,22,30,0,0,0.0,0.0,22.02568183792192,0.0,0.0,0.0,0.0,22.02568183792192
Baseline PPO,0.0,23,30,0,0,0.0,0.0,20.02568183792191,0.0,0.0,0.0,0.0,20.02568183792191
Baseline PPO,0.0,24,30,0,0,0.0,0.0,21.025681837921898,0.0,0.0,0.0,0.0,21.025681837921898
Baseline PPO,0.0,25,30,0,0,1.0,0.0,22.02568183792192,0.0,0.0,0.0,0.0,22.02568183792192
Baseline PPO,0.0,26,30,0,0,0.0,0.0,21.025681837921898,0.0,0.0,0.0,0.0,21.025681837921898
Baseline PPO,0.0,27,30,0,0,0.0,0.0,21.025681837921898,0.0,0.0,0.0,0.0,21.025681837921898
Baseline PPO,0.0,28,30,0,0,0.0,0.0,21.025681837921898,0.0,0.0,0.0,0.0,21.025681837921898
Baseline PPO,0.0,29,30,0,0,0.0,0.0,21.025681837921898,0.0,0.0,0.0,0.0,21.025681837921898
Baseline PPO,0.0,30,30,0,0,0.0,0.0,21.025681837921898,0.0,0.0,0.0,0.0,21.025681837921898
Baseline PPO,0.0,31,30,0,0,0.2666666666666666,0.0,22.02568183792192,0.0,0.0,0.0,0.0,22.02568183792192
Baseline PPO,0.0,32,30,0,0,0.0,0.0,21.025681837921898,0.0,0.0,0.0,0.0,21.025681837921898
Baseline PPO,0.0,33,30,0,0,0.0,0.0,21.025681837921898,0.0,0.0,0.0,0.0,21.025681837921898
Baseline PPO,0.0,34,30,0,0,0.0,0.0,21.025681837921898,0.0,0.0,0.0,0.0,21.025681837921898
Baseline PPO,0.0,35,30,0,0,0.0666666666666666,0.0,20.02568183792191,0.0,0.0,0.0,0.0,20.02568183792191
Baseline PPO,0.0,36,30,0,0,0.0,0.0,21.025681837921898,0.0,0.0,0.0,0.0,21.025681837921898
Baseline PPO,0.0,37,30,0,0,0.0,0.0,21.025681837921898,0.0,0.0,0.0,0.0,21.025681837921898
Baseline PPO,0.0,38,30,0,0,0.0,0.0,21.025681837921898,0.0,0.0,0.0,0.0,21.025681837921898
Baseline PPO,0.0,39,30,0,0,0.0,0.0,21.025681837921898,0.0,0.0,0.0,0.0,21.025681837921898
Baseline PPO,0.0,40,30,0,0,0.0,0.0,20.02568183792191,0.0,0.0,0.0,0.0,20.02568183792191
Baseline PPO,0.0,41,30,0,0,0.0333333333333333,0.0,22.02568183792192,0.0,0.0,0.0,0.0,22.02568183792192
Baseline PPO,0.0,42,30,0,0,0.0,0.0,22.02568183792192,0.0,0.0,0.0,0.0,22.02568183792192
Baseline PPO,0.0,43,30,0,0,0.0,0.0,22.02568183792192,0.0,0.0,0.0,0.0,22.02568183792192
Baseline PPO,0.0,44,30,0,0,0.5333333333333333,0.0,20.02568183792191,0.0,0.0,0.0,0.0,20.02568183792191
Baseline PPO,0.0,45,30,0,0,0.0666666666666666,0.0,22.02568183792192,0.0,0.0,0.0,0.0,22.02568183792192
Baseline PPO,0.0,46,30,0,0,0.5333333333333333,0.0,20.02568183792191,0.0,0.0,0.0,0.0,20.02568183792191
Baseline PPO,0.0,47,30,0,0,0.0,0.0,20.02568183792191,0.0,0.0,0.0,0.0,20.02568183792191
Baseline PPO,0.0,48,30,0,0,0.1,0.0,22.02568183792192,0.0,0.0,0.0,0.0,22.02568183792192
Baseline PPO,0.0,49,30,0,0,0.0,0.0,22.02568183792192,0.0,0.0,0.0,0.0,22.02568183792192
Safe PPO,0.1,0,30,0,0,0.0,0.0,20.02568183792191,0.0,0.0,0.0,0.0,20.02568183792191
Safe PPO,0.1,1,30,0,0,0.0,0.0,22.02568183792192,0.0,0.0,0.0,0.0,22.02568183792192
Safe PPO,0.1,2,30,0,0,0.0,0.0,21.025681837921898,0.0,0.0,0.0,0.0,21.025681837921898
Safe PPO,0.1,3,30,0,0,0.2,0.0,20.02568183792191,0.0,3.0,0.0,0.0,17.0256818379219
Safe PPO,0.1,4,30,0,0,0.0,0.0,22.02568183792192,0.0,0.0,0.0,0.0,22.02568183792192
Safe PPO,0.1,5,30,0,0,0.0,0.0,21.025681837921898,0.0,0.0,0.0,0.0,21.025681837921898
Safe PPO,0.1,6,30,0,0,0.0333333333333333,0.0,21.025681837921898,0.0,0.5,0.0,0.0,20.525681837921898
Safe PPO,0.1,7,30,0,0,0.0333333333333333,0.0,20.02568183792191,0.0,0.5,0.0,0.0,19.525681837921912
Safe PPO,0.1,8,30,0,0,0.0,0.0,21.025681837921898,0.0,0.0,0.0,0.0,21.025681837921898
Safe PPO,0.1,9,30,0,0,0.0,0.0,22.02568183792192,0.0,0.0,0.0,0.0,22.02568183792192
Safe PPO,0.1,10,30,0,0,0.0,0.0,22.02568183792192,0.0,0.0,0.0,0.0,22.02568183792192
Safe PPO,0.1,11,30,0,0,0.9333333333333332,0.0,20.02568183792191,0.0,14.0,0.0,0.0,6.025681837921909
Safe PPO,0.1,12,30,0,0,0.0,0.0,22.02568183792192,0.0,0.0,0.0,0.0,22.02568183792192
Safe PPO,0.1,13,30,0,0,0.0,0.0,20.02568183792191,0.0,0.0,0.0,0.0,20.02568183792191
Safe PPO,0.1,14,30,0,0,0.1,0.0,21.025681837921898,0.0,1.5,0.0,0.0,19.525681837921898
Safe PPO,0.1,15,30,0,0,0.0333333333333333,0.0,21.025681837921898,0.0,0.5,0.0,0.0,20.525681837921898
Safe PPO,0.1,16,30,0,0,0.0,0.0,21.025681837921898,0.0,0.0,0.0,0.0,21.025681837921898
Safe PPO,0.1,17,30,0,0,0.0,0.0,22.02568183792192,0.0,0.0,0.0,0.0,22.02568183792192
Safe PPO,0.1,18,30,0,0,0.0,0.0,22.02568183792192,0.0,0.0,0.0,0.0,22.02568183792192
Safe PPO,0.1,19,30,0,0,0.0,0.0,21.025681837921898,0.0,0.0,0.0,0.0,21.025681837921898
Safe PPO,0.1,20,30,0,0,0.0,0.0,22.02568183792192,0.0,0.0,0.0,0.0,22.02568183792192
Safe PPO,0.1,21,30,0,0,0.0,0.0,20.02568183792191,0.0,0.0,0.0,0.0,20.02568183792191
Safe PPO,0.1,22,30,0,0,0.0,0.0,22.02568183792192,0.0,0.0,0.0,0.0,22.02568183792192
Safe PPO,0.1,23,30,0,0,0.0,0.0,20.02568183792191,0.0,0.0,0.0,0.0,20.02568183792191
Safe PPO,0.1,24,30,0,0,0.0,0.0,21.025681837921898,0.0,0.0,0.0,0.0,21.025681837921898
Safe PPO,0.1,25,30,0,0,1.0,0.0,22.02568183792192,0.0,15.0,0.0,0.0,7.025681837921906
Safe PPO,0.1,26,30,0,0,0.0,0.0,21.025681837921898,0.0,0.0,0.0,0.0,21.025681837921898
Safe PPO,0.1,27,30,0,0,0.0,0.0,21.025681837921898,0.0,0.0,0.0,0.0,21.025681837921898
Safe PPO,0.1,28,30,0,0,0.0,0.0,21.025681837921898,0.0,0.0,0.0,0.0,21.025681837921898
Safe PPO,0.1,29,30,0,0,0.0,0.0,21.025681837921898,0.0,0.0,0.0,0.0,21.025681837921898
Safe PPO,0.1,30,30,0,0,0.0,0.0,21.025681837921898,0.0,0.0,0.0,0.0,21.025681837921898
Safe PPO,0.1,31,30,0,0,0.2666666666666666,0.0,22.02568183792192,0.0,4.0,0.0,0.0,18.025681837921915
Safe PPO,0.1,32,30,0,0,0.0,0.0,21.025681837921898,0.0,0.0,0.0,0.0,21.025681837921898
Safe PPO,0.1,33,30,0,0,0.0,0.0,21.025681837921898,0.0,0.0,0.0,0.0,21.025681837921898
Safe PPO,0.1,34,30,0,0,0.0,0.0,21.025681837921898,0.0,0.0,0.0,0.0,21.025681837921898
Safe PPO,0.1,35,30,0,0,0.0666666666666666,0.0,20.02568183792191,0.0,1.0,0.0,0.0,19.02568183792191
Safe PPO,0.1,36,30,0,0,0.0,0.0,21.025681837921898,0.0,0.0,0.0,0.0,21.025681837921898
Safe PPO,0.1,37,30,0,0,0.0,0.0,21.025681837921898,0.0,0.0,0.0,0.0,21.025681837921898
Safe PPO,0.1,38,30,0,0,0.0,0.0,21.025681837921898,0.0,0.0,0.0,0.0,21.025681837921898
Safe PPO,0.1,39,30,0,0,0.0,0.0,21.025681837921898,0.0,0.0,0.0,0.0,21.025681837921898
Safe PPO,0.1,40,30,0,0,0.0,0.0,20.02568183792191,0.0,0.0,0.0,0.0,20.02568183792191
Safe PPO,0.1,41,30,0,0,0.0333333333333333,0.0,22.02568183792192,0.0,0.5,0.0,0.0,21.52568183792192
Safe PPO,0.1,42,30,0,0,0.0,0.0,22.02568183792192,0.0,0.0,0.0,0.0,22.02568183792192
Safe PPO,0.1,43,30,0,0,0.0,0.0,22.02568183792192,0.0,0.0,0.0,0.0,22.02568183792192
Safe PPO,0.1,44,30,0,0,0.5333333333333333,0.0,20.02568183792191,0.0,8.0,0.0,0.0,12.025681837921905
Safe PPO,0.1,45,30,0,0,0.0666666666666666,0.0,22.02568183792192,0.0,1.0,0.0,0.0,21.02568183792192
Safe PPO,0.1,46,30,0,0,0.5333333333333333,0.0,20.02568183792191,0.0,8.0,0.0,0.0,12.0256818379219
Safe PPO,0.1,47,30,0,0,0.0,0.0,20.02568183792191,0.0,0.0,0.0,0.0,20.02568183792191
Safe PPO,0.1,48,30,0,0,0.1,0.0,22.02568183792192,0.0,1.5,0.0,0.0,20.52568183792192
Safe PPO,0.1,49,30,0,0,0.0,0.0,22.02568183792192,0.0,0.0,0.0,0.0,22.02568183792192
Safe PPO,0.5,0,30,0,0,0.0,0.0,20.02568183792191,0.0,0.0,0.0,0.0,20.02568183792191
Safe PPO,0.5,1,30,0,0,0.0,0.0,22.02568183792192,0.0,0.0,0.0,0.0,22.02568183792192
Safe PPO,0.5,2,30,0,0,0.0,0.0,21.025681837921898,0.0,0.0,0.0,0.0,21.025681837921898
Safe PPO,0.5,3,30,0,0,0.2,0.0,20.02568183792191,0.0,15.0,0.0,0.0,5.025681837921909
Safe PPO,0.5,4,30,0,0,0.0,0.0,22.02568183792192,0.0,0.0,0.0,0.0,22.02568183792192
Safe PPO,0.5,5,30,0,0,0.0,0.0,21.025681837921898,0.0,0.0,0.0,0.0,21.025681837921898
Safe PPO,0.5,6,30,0,0,0.03333333333333333,0.0,21.025681837921898,0.0,2.5,0.0,0.0,18.525681837921898
Safe PPO,0.5,7,30,0,0,0.03333333333333333,0.0,20.02568183792191,0.0,2.5,0.0,0.0,17.525681837921905
Safe PPO,0.5,8,30,0,0,0.0,0.0,21.025681837921898,0.0,0.0,0.0,0.0,21.025681837921898
Safe PPO,0.5,9,30,0,0,0.0,0.0,22.02568183792192,0.0,0.0,0.0,0.0,22.02568183792192
Safe PPO,0.5,10,30,0,0,0.0,0.0,22.02568183792192,0.0,0.0,0.0,0.0,22.02568183792192
Safe PPO,0.5,11,30,0,0,0.9333333333333333,0.0,20.02568183792191,0.0,70.0,0.0,0.0,-49.97431816207812
Safe PPO,0.5,12,30,0,0,0.0,0.0,22.02568183792192,0.0,0.0,0.0,0.0,22.02568183792192
Safe PPO,0.5,13,30,0,0,0.0,0.0,20.02568183792191,0.0,0.0,0.0,0.0,20.02568183792191
Safe PPO,0.5,14,30,0,0,0.1,0.0,21.025681837921898,0.0,7.5,0.0,0.0,13.525681837921901
Safe PPO,0.5,15,30,0,0,0.03333333333333333,0.0,21.025681837921898,0.0,2.5,0.0,0.0,18.525681837921898
Safe PPO,0.5,16,30,0,0,0.0,0.0,21.025681837921898,0.0,0.0,0.0,0.0,21.025681837921898
Safe PPO,0.5,17,30,0,0,0.0,0.0,22.02568183792192,0.0,0.0,0.0,0.0,22.02568183792192
Safe PPO,0.5,18,30,0,0,0.0,0.0,22.02568183792192,0.0,0.0,0.0,0.0,22.02568183792192
Safe PPO,0.5,19,30,0,0,0.0,0.0,21.025681837921898,0.0,0.0,0.0,0.0,21.025681837921898
Safe PPO,0.5,20,30,0,0,0.0,0.0,22.02568183792192,0.0,0.0,0.0,0.0,22.02568183792192
Safe PPO,0.5,21,30,0,0,0.0,0.0,20.02568183792191,0.0,0.0,0.0,0.0,20.02568183792191
Safe PPO,0.5,22,30,0,0,0.0,0.0,22.02568183792192,0.0,0.0,0.0,0.0,22.02568183792192
Safe PPO,0.5,23,30,0,0,0.0,0.0,20.02568183792191,0.0,0.0,0.0,0.0,20.02568183792191
Safe PPO,0.5,24,30,0,0,0.0,0.0,21.025681837921898,0.0,0.0,0.0,0.0,21.025681837921898
Safe PPO,0.5,25,30,0,0,1.0,0.0,22.02568183792192,0.0,75.0,0.0,0.0,-52.974318162078085
Safe PPO,0.5,26,30,0,0,0.0,0.0,21.025681837921898,0.0,0.0,0.0,0.0,21.025681837921898
Safe PPO,0.5,27,30,0,0,0.0,0.0,21.025681837921898,0.0,0.0,0.0,0.0,21.025681837921898
Safe PPO,0.5,28,30,0,0,0.0,0.0,21.025681837921898,0.0,0.0,0.0,0.0,21.025681837921898
Safe PPO,0.5,29,30,0,0,0.0,0.0,21.025681837921898,0.0,0.0,0.0,0.0,21.025681837921898
Safe PPO,0.5,30,30,0,0,0.0,0.0,21.025681837921898,0.0,0.0,0.0,0.0,21.025681837921898
Safe PPO,0.5,31,30,0,0,0.26666666666666666,0.0,22.02568183792192,0.0,20.0,0.0,0.0,2.025681837921907
Safe PPO,0.5,32,30,0,0,0.0,0.0,21.025681837921898,0.0,0.0,0.0,0.0,21.025681837921898
Safe PPO,0.5,33,30,0,0,0.0,0.0,21.025681837921898,0.0,0.0,0.0,0.0,21.025681837921898
Safe PPO,0.5,34,30,0,0,0.0,0.0,21.025681837921898,0.0,0.0,0.0,0.0,21.025681837921898
Safe PPO,0.5,35,30,0,0,0.06666666666666667,0.0,20.02568183792191,0.0,5.0,0.0,0.0,15.025681837921901
Safe PPO,0.5,36,30,0,0,0.0,0.0,21.025681837921898,0.0,0.0,0.0,0.0,21.025681837921898
Safe PPO,0.5,37,30,0,0,0.0,0.0,21.025681837921898,0.0,0.0,0.0,0.0,21.025681837921898
Safe PPO,0.5,38,30,0,0,0.0,0.0,21.025681837921898,0.0,0.0,0.0,0.0,21.025681837921898
Safe PPO,0.5,39,30,0,0,0.0,0.0,21.025681837921898,0.0,0.0,0.0,0.0,21.025681837921898
Safe PPO,0.5,40,30,0,0,0.0,0.0,20.02568183792191,0.0,0.0,0.0,0.0,20.02568183792191
Safe PPO,0.5,41,30,0,0,0.03333333333333333,0.0,22.02568183792192,0.0,2.5,0.0,0.0,19.525681837921915
Safe PPO,0.5,42,30,0,0,0.0,0.0,22.02568183792192,0.0,0.0,0.0,0.0,22.02568183792192
Safe PPO,0.5,43,30,0,0,0.0,0.0,22.02568183792192,0.0,0.0,0.0,0.0,22.02568183792192
Safe PPO,0.5,44,30,0,0,0.5333333333333333,0.0,20.02568183792191,0.0,40.0,0.0,0.0,-19.974318162078077
Safe PPO,0.5,45,30,0,0,0.06666666666666667,0.0,22.02568183792192,0.0,5.0,0.0,0.0,17.025681837921915
Safe PPO,0.5,46,30,0,0,0.5333333333333333,0.0,20.02568183792191,0.0,40.0,0.0,0.0,-19.974318162078085
Safe PPO,0.5,47,30,0,0,0.0,0.0,20.02568183792191,0.0,0.0,0.0,0.0,20.02568183792191
Safe PPO,0.5,48,30,0,0,0.1,0.0,22.02568183792192,0.0,7.5,0.0,0.0,14.525681837921914
Safe PPO,0.5,49,30,0,0,0.0,0.0,22.02568183792192,0.0,0.0,0.0,0.0,22.02568183792192
Safe PPO,1.0,0,30,0,0,0.0,0.0,20.02568183792191,0.0,0.0,0.0,0.0,20.02568183792191
Safe PPO,1.0,1,30,0,0,0.0,0.0,22.02568183792192,0.0,0.0,0.0,0.0,22.02568183792192
Safe PPO,1.0,2,30,0,0,0.0,0.0,21.025681837921898,0.0,0.0,0.0,0.0,21.025681837921898
Safe PPO,1.0,3,30,0,0,0.2,0.0,20.02568183792191,0.0,30.0,0.0,0.0,-9.974318162078095
Safe PPO,1.0,4,30,0,0,0.0,0.0,22.02568183792192,0.0,0.0,0.0,0.0,22.02568183792192
Safe PPO,1.0,5,30,0,0,0.0,0.0,21.025681837921898,0.0,0.0,0.0,0.0,21.025681837921898
Safe PPO,1.0,6,30,0,0,0.03333333333333333,0.0,21.025681837921898,0.0,5.0,0.0,0.0,16.025681837921898
Safe PPO,1.0,7,30,0,0,0.03333333333333333,0.0,20.02568183792191,0.0,5.0,0.0,0.0,15.025681837921901
Safe PPO,1.0,8,30,0,0,0.0,0.0,21.025681837921898,0.0,0.0,0.0,0.0,21.025681837921898
Safe PPO,1.0,9,30,0,0,0.0,0.0,22.02568183792192,0.0,0.0,0.0,0.0,22.02568183792192
Safe PPO,1.0,10,30,0,0,0.0,0.0,22.02568183792192,0.0,0.0,0.0,0.0,22.02568183792192
Safe PPO,1.0,11,30,0,0,0.9333333333333333,0.0,20.02568183792191,0.0,140.0,0.0,0.0,-119.97431816207802
Safe PPO,1.0,12,30,0,0,0.0,0.0,22.02568183792192,0.0,0.0,0.0,0.0,22.02568183792192
Safe PPO,1.0,13,30,0,0,0.0,0.0,20.02568183792191,0.0,0.0,0.0,0.0,20.02568183792191
Safe PPO,1.0,14,30,0,0,0.1,0.0,21.025681837921898,0.0,15.0,0.0,0.0,6.025681837921907
Safe PPO,1.0,15,30,0,0,0.03333333333333333,0.0,21.025681837921898,0.0,5.0,0.0,0.0,16.025681837921898
Safe PPO,1.0,16,30,0,0,0.0,0.0,21.025681837921898,0.0,0.0,0.0,0.0,21.025681837921898
Safe PPO,1.0,17,30,0,0,0.0,0.0,22.02568183792192,0.0,0.0,0.0,0.0,22.02568183792192
Safe PPO,1.0,18,30,0,0,0.0,0.0,22.02568183792192,0.0,0.0,0.0,0.0,22.02568183792192
Safe PPO,1.0,19,30,0,0,0.0,0.0,21.025681837921898,0.0,0.0,0.0,0.0,21.025681837921898
Safe PPO,1.0,20,30,0,0,0.0,0.0,22.02568183792192,0.0,0.0,0.0,0.0,22.02568183792192
Safe PPO,1.0,21,30,0,0,0.0,0.0,20.02568183792191,0.0,0.0,0.0,0.0,20.02568183792191
Safe PPO,1.0,22,30,0,0,0.0,0.0,22.02568183792192,0.0,0.0,0.0,0.0,22.02568183792192
Safe PPO,1.0,23,30,0,0,0.0,0.0,20.02568183792191,0.0,0.0,0.0,0.0,20.02568183792191
Safe PPO,1.0,24,30,0,0,0.0,0.0,21.025681837921898,0.0,0.0,0.0,0.0,21.025681837921898
Safe PPO,1.0,25,30,0,0,1.0,0.0,22.02568183792192,0.0,150.0,0.0,0.0,-127.97431816207809
Safe PPO,1.0,26,30,0,0,0.0,0.0,21.025681837921898,0.0,0.0,0.0,0.0,21.025681837921898
Safe PPO,1.0,27,30,0,0,0.0,0.0,21.025681837921898,0.0,0.0,0.0,0.0,21.025681837921898
Safe PPO,1.0,28,30,0,0,0.0,0.0,21.025681837921898,0.0,0.0,0.0,0.0,21.025681837921898
Safe PPO,1.0,29,30,0,0,0.0,0.0,21.025681837921898,0.0,0.0,0.0,0.0,21.025681837921898
Safe PPO,1.0,30,30,0,0,0.0,0.0,21.025681837921898,0.0,0.0,0.0,0.0,21.025681837921898
Safe PPO,1.0,31,30,0,0,0.26666666666666666,0.0,22.02568183792192,0.0,40.0,0.0,0.0,-17.974318162078085
Safe PPO,1.0,32,30,0,0,0.0,0.0,21.025681837921898,0.0,0.0,0.0,0.0,21.025681837921898
Safe PPO,1.0,33,30,0,0,0.0,0.0,21.025681837921898,0.0,0.0,0.0,0.0,21.025681837921898
Safe PPO,1.0,34,30,0,0,0.0,0.0,21.025681837921898,0.0,0.0,0.0,0.0,21.025681837921898
Safe PPO,1.0,35,30,0,0,0.06666666666666667,0.0,20.02568183792191,0.0,10.0,0.0,0.0,10.025681837921908
Safe PPO,1.0,36,30,0,0,0.0,0.0,21.025681837921898,0.0,0.0,0.0,0.0,21.025681837921898
Safe PPO,1.0,37,30,0,0,0.0,0.0,21.025681837921898,0.0,0.0,0.0,0.0,21.025681837921898
Safe PPO,1.0,38,30,0,0,0.0,0.0,21.025681837921898,0.0,0.0,0.0,0.0,21.025681837921898
Safe PPO,1.0,39,30,0,0,0.0,0.0,21.025681837921898,0.0,0.0,0.0,0.0,21.025681837921898
Safe PPO,1.0,40,30,0,0,0.0,0.0,20.02568183792191,0.0,0.0,0.0,0.0,20.02568183792191
Safe PPO,1.0,41,30,0,0,0.03333333333333333,0.0,22.02568183792192,0.0,5.0,0.0,0.0,17.025681837921915
Safe PPO,1.0,42,30,0,0,0.0,0.0,22.02568183792192,0.0,0.0,0.0,0.0,22.02568183792192
Safe PPO,1.0,43,30,0,0,0.0,0.0,22.02568183792192,0.0,0.0,0.0,0.0,22.02568183792192
Safe PPO,1.0,44,30,0,0,0.5333333333333333,0.0,20.02568183792191,0.0,80.0,0.0,0.0,-59.97431816207807
Safe PPO,1.0,45,30,0,0,0.06666666666666667,0.0,22.02568183792192,0.0,10.0,0.0,0.0,12.02568183792191
Safe PPO,1.0,46,30,0,0,0.5333333333333333,0.0,20.02568183792191,0.0,80.0,0.0,0.0,-59.974318162078106
Safe PPO,1.0,47,30,0,0,0.0,0.0,20.02568183792191,0.0,0.0,0.0,0.0,20.02568183792191
Safe PPO,1.0,48,30,0,0,0.1,0.0,22.02568183792192,0.0,15.0,0.0,0.0,7.025681837921907
Safe PPO,1.0,49,30,0,0,0.0,0.0,22.02568183792192,0.0,0.0,0.0,0.0,22.02568183792192
Safe PPO,2.0,0,30,0,0,0.0,0.0,20.02568183792191,0.0,0.0,0.0,0.0,20.02568183792191
Safe PPO,2.0,1,30,0,0,0.0,0.0,22.02568183792192,0.0,0.0,0.0,0.0,22.02568183792192
Safe PPO,2.0,2,30,0,0,0.0,0.0,21.025681837921898,0.0,0.0,0.0,0.0,21.025681837921898
Safe PPO,2.0,3,30,0,0,0.2,0.0,20.02568183792191,0.0,60.0,0.0,0.0,-39.97431816207812
Safe PPO,2.0,4,30,0,0,0.0,0.0,22.02568183792192,0.0,0.0,0.0,0.0,22.02568183792192
Safe PPO,2.0,5,30,0,0,0.0,0.0,21.025681837921898,0.0,0.0,0.0,0.0,21.025681837921898
Safe PPO,2.0,6,30,0,0,0.03333333333333333,0.0,21.025681837921898,0.0,10.0,0.0,0.0,11.025681837921905
Safe PPO,2.0,7,30,0,0,0.03333333333333333,0.0,20.02568183792191,0.0,10.0,0.0,0.0,10.025681837921908
Safe PPO,2.0,8,30,0,0,0.0,0.0,21.025681837921898,0.0,0.0,0.0,0.0,21.025681837921898
Safe PPO,2.0,9,30,0,0,0.0,0.0,22.02568183792192,0.0,0.0,0.0,0.0,22.02568183792192
Safe PPO,2.0,10,30,0,0,0.0,0.0,22.02568183792192,0.0,0.0,0.0,0.0,22.02568183792192
Safe PPO,2.0,11,30,0,0,0.9333333333333333,0.0,20.02568183792191,0.0,280.0,0.0,0.0,-259.97431816207813
Safe PPO,2.0,12,30,0,0,0.0,0.0,22.02568183792192,0.0,0.0,0.0,0.0,22.02568183792192
Safe PPO,2.0,13,30,0,0,0.0,0.0,20.02568183792191,0.0,0.0,0.0,0.0,20.02568183792191
Safe PPO,2.0,14,30,0,0,0.1,0.0,21.025681837921898,0.0,30.0,0.0,0.0,-8.974318162078102
Safe PPO,2.0,15,30,0,0,0.03333333333333333,0.0,21.025681837921898,0.0,10.0,0.0,0.0,11.025681837921905
Safe PPO,2.0,16,30,0,0,0.0,0.0,21.025681837921898,0.0,0.0,0.0,0.0,21.025681837921898
Safe PPO,2.0,17,30,0,0,0.0,0.0,22.02568183792192,0.0,0.0,0.0,0.0,22.02568183792192
Safe PPO,2.0,18,30,0,0,0.0,0.0,22.02568183792192,0.0,0.0,0.0,0.0,22.02568183792192
Safe PPO,2.0,19,30,0,0,0.0,0.0,21.025681837921898,0.0,0.0,0.0,0.0,21.025681837921898
Safe PPO,2.0,20,30,0,0,0.0,0.0,22.02568183792192,0.0,0.0,0.0,0.0,22.02568183792192
Safe PPO,2.0,21,30,0,0,0.0,0.0,20.02568183792191,0.0,0.0,0.0,0.0,20.02568183792191
Safe PPO,2.0,22,30,0,0,0.0,0.0,22.02568183792192,0.0,0.0,0.0,0.0,22.02568183792192
Safe PPO,2.0,23,30,0,0,0.0,0.0,20.02568183792191,0.0,0.0,0.0,0.0,20.02568183792191
Safe PPO,2.0,24,30,0,0,0.0,0.0,21.025681837921898,0.0,0.0,0.0,0.0,21.025681837921898
Safe PPO,2.0,25,30,0,0,1.0,0.0,22.02568183792192,0.0,300.0,0.0,0.0,-277.9743181620779
Safe PPO,2.0,26,30,0,0,0.0,0.0,21.025681837921898,0.0,0.0,0.0,0.0,21.025681837921898
Safe PPO,2.0,27,30,0,0,0.0,0.0,21.025681837921898,0.0,0.0,0.0,0.0,21.025681837921898
Safe PPO,2.0,28,30,0,0,0.0,0.0,21.025681837921898,0.0,0.0,0.0,0.0,21.025681837921898
Safe PPO,2.0,29,30,0,0,0.0,0.0,21.025681837921898,0.0,0.0,0.0,0.0,21.025681837921898
Safe PPO,2.0,30,30,0,0,0.0,0.0,21.025681837921898,0.0,0.0,0.0,0.0,21.025681837921898
Safe PPO,2.0,31,30,0,0,0.26666666666666666,0.0,22.02568183792192,0.0,80.0,0.0,0.0,-57.97431816207809
Safe PPO,2.0,32,30,0,0,0.0,0.0,21.025681837921898,0.0,0.0,0.0,0.0,21.025681837921898
Safe PPO,2.0,33,30,0,0,0.0,0.0,21.025681837921898,0.0,0.0,0.0,0.0,21.025681837921898
Safe PPO,2.0,34,30,0,0,0.0,0.0,21.025681837921898,0.0,0.0,0.0,0.0,21.025681837921898
Safe PPO,2.0,35,30,0,0,0.06666666666666667,0.0,20.02568183792191,0.0,20.0,0.0,0.0,0.025681837921908146
Safe PPO,2.0,36,30,0,0,0.0,0.0,21.025681837921898,0.0,0.0,0.0,0.0,21.025681837921898
Safe PPO,2.0,37,30,0,0,0.0,0.0,21.025681837921898,0.0,0.0,0.0,0.0,21.025681837921898
Safe PPO,2.0,38,30,0,0,0.0,0.0,21.025681837921898,0.0,0.0,0.0,0.0,21.025681837921898
Safe PPO,2.0,39,30,0,0,0.0,0.0,21.025681837921898,0.0,0.0,0.0,0.0,21.025681837921898
Safe PPO,2.0,40,30,0,0,0.0,0.0,20.02568183792191,0.0,0.0,0.0,0.0,20.02568183792191
Safe PPO,2.0,41,30,0,0,0.03333333333333333,0.0,22.02568183792192,0.0,10.0,0.0,0.0,12.02568183792191
Safe PPO,2.0,42,30,0,0,0.0,0.0,22.02568183792192,0.0,0.0,0.0,0.0,22.02568183792192
Safe PPO,2.0,43,30,0,0,0.0,0.0,22.02568183792192,0.0,0.0,0.0,0.0,22.02568183792192
Safe PPO,2.0,44,30,0,0,0.5333333333333333,0.0,20.02568183792191,0.0,160.0,0.0,0.0,-139.97431816207822
Safe PPO,2.0,45,30,0,0,0.06666666666666667,0.0,22.02568183792192,0.0,20.0,0.0,0.0,2.0256818379219035
Safe PPO,2.0,46,30,0,0,0.5333333333333333,0.0,20.02568183792191,0.0,160.0,0.0,0.0,-139.97431816207808
Safe PPO,2.0,47,30,0,0,0.0,0.0,20.02568183792191,0.0,0.0,0.0,0.0,20.02568183792191
Safe PPO,2.0,48,30,0,0,0.1,0.0,22.02568183792192,0.0,30.0,0.0,0.0,-7.974318162078082
Safe PPO,2.0,49,30,0,0,0.0,0.0,22.02568183792192,0.0,0.0,0.0,0.0,22.02568183792192
